{
    "music.amuse_oneself": {
        "sounds": [
            "dgmcmod:music/amuse_oneself"
        ]
    },
    "music.billie_jean": {
        "sounds": [
            "dgmcmod:music/billie_jean"
        ]
    },
    "music.cry_for_me": {
        "sounds": [
            "dgmcmod:music/cry_for_me"
        ]
    },
    "music.day_light": {
        "sounds": [
            "dgmcmod:music/day_light"
        ]
    },
    "music.lush_life_x_paradise": {
        "sounds": [
            "dgmcmod:music/lush_life_x_paradise"
        ]
    },
    "music.naive_eraser": {
        "sounds": [
            "dgmcmod:music/naive_eraser"
        ]
    },
    "music.sacred_play_secret_place": {
        "sounds": [
            "dgmcmod:music/sacred_play_secret_place"
        ]
    },
    "music.sos": {
        "sounds": [
            "dgmcmod:music/sos"
        ]
    }
}